{"cameraMode":{"drawMode":0,"name":"Shaded","section":"Shading Mode"},"sceneLighting":false,"audioPlay":false,"sceneViewState":{"showFog":true,"showMaterialUpdate":false,"showSkybox":false,"showFlares":true,"showImageEffects":true,"showParticleSystems":true},"in2DMode":false,"pivot":{"x":0.8362083435058594,"y":0.5453696250915527,"z":1.7610020637512208},"rotation":{"x":0.0001458156475564465,"y":0.9996873140335083,"z":-0.005998263135552406,"w":0.024293534457683564},"size":3.6685104370117189,"orthographic":false}